{"has_child":1,"home_url":"https:\/\/enews.sotout.com","child_file":{"enews.sotout.com_wpvivid-6386a6f106a64_2022-11-30-00-42_backup_db.zip":{"dump_db":1,"home_url":"https:\/\/enews.sotout.com","file_type":"databases","root_flag":"custom","file":"enews.sotout.com_wpvivid-6386a6f106a64_2022-11-30-00-42_backup_db.zip","php_version":"7.4.33","mysql_version":"8.0.31"},"enews.sotout.com_wpvivid-6386a6f106a64_2022-11-30-00-42_backup_content.zip":{"file_type":"wp-content","root_flag":"root","file":"enews.sotout.com_wpvivid-6386a6f106a64_2022-11-30-00-42_backup_content.zip","php_version":"7.4.33","mysql_version":"8.0.31"}},"root_flag":"custom","file":"enews.sotout.com_wpvivid-6386a6f106a64_2022-11-30-00-42_backup_all.part005.zip","php_version":"7.4.33","mysql_version":"8.0.31"}